Name	Category	Country
name_en	category	states_name_en
Cultural Landscape and Archaeological Remains of the Bamiyan Valley	Cultural	Afghanistan
Minaret and Archaeological Remains of Jam	Cultural	Afghanistan
Historic Centres of Berat and Gjirokastra 	Cultural	Albania
Butrint	Cultural	Albania
Al Qal'a of Beni Hammad	Cultural	Algeria
M'Zab Valley	Cultural	Algeria
Djémila	Cultural	Algeria
Timgad	Cultural	Algeria
Kasbah of Algiers	Cultural	Algeria
Madriu-Perafita-Claror Valley	Cultural	Andorra
Los Glaciares National Park	Natural	Argentina
Iguazu National Park	Natural	Argentina
Cueva de las Manos, Río Pinturas	Cultural	Argentina
Ischigualasto / Talampaya Natural Parks	Natural	Argentina
Jesuit Block and Estancias of Córdoba	Cultural	Argentina
Quebrada de Humahuaca	Cultural	Argentina
Monasteries of Haghpat and Sanahin	Cultural	Armenia
Monastery of Geghard and the Upper Azat Valley	Cultural	Armenia
Cathedral and Churches of Echmiatsin and the Archaeological Site of Zvartnots	Cultural	Armenia
Kakadu National Park	Mixed	Australia
Sydney Opera House	Cultural	Australia
Willandra Lakes Region	Mixed	Australia
Lord Howe Island Group	Natural	Australia
Gondwana Rainforests of Australia	Natural	Australia
Ulu<U>r</U>u-Kata Tju<U>t</U>a National Park	Mixed	Australia
Shark Bay, Western Australia	Natural	Australia
Fraser Island	Natural	Australia
Australian Fossil Mammal Sites (Riversleigh / Naracoorte)	Natural	Australia
Greater Blue Mountains Area	Natural	Australia
Purnululu National Park	Natural	Australia
Royal Exhibition Building and Carlton Gardens	Cultural	Australia
Australian Convict Sites	Cultural	Australia
Ningaloo Coast	Natural	Australia
Historic Centre of the City of Salzburg	Cultural	Austria
Semmering Railway	Cultural	Austria
Palace and Gardens of Schönbrunn	Cultural	Austria
Hallstatt-Dachstein / Salzkammergut Cultural Landscape	Cultural	Austria
City of Graz – Historic Centre and Schloss Eggenberg	Cultural	Austria
Wachau Cultural Landscape	Cultural	Austria
Historic Centre of Vienna	Cultural	Austria
Walled City of Baku with the Shirvanshah's Palace and Maiden Tower	Cultural	Azerbaijan
Gobustan Rock Art Cultural Landscape	Cultural	Azerbaijan
Qal’at al-Bahrain – Ancient Harbour and Capital of Dilmun	Cultural	Bahrain
Pearling, Testimony of an Island Economy	Cultural	Bahrain
Historic Mosque City of Bagerhat	Cultural	Bangladesh
Ruins of the Buddhist Vihara at Paharpur	Cultural	Bangladesh
Historic Bridgetown and its Garrison	Cultural	Barbados
Mir Castle Complex	Cultural	Belarus
Architectural, Residential and Cultural Complex of the Radziwill Family at Nesvizh	Cultural	Belarus
Flemish Béguinages	Cultural	Belgium
The Four Lifts on the Canal du Centre and their Environs, La Louvière and Le Roeulx (Hainaut)	Cultural	Belgium
La Grand-Place, Brussels	Cultural	Belgium
Historic Centre of Brugge	Cultural	Belgium
Major Town Houses of the Architect Victor Horta (Brussels)	Cultural	Belgium
Neolithic Flint Mines at Spiennes (Mons)	Cultural	Belgium
Notre-Dame Cathedral in Tournai	Cultural	Belgium
Plantin-Moretus House-Workshops-Museum Complex	Cultural	Belgium
Stoclet House	Cultural	Belgium
Major Mining Sites of Wallonia	Cultural	Belgium
Belize Barrier Reef Reserve System	Natural	Belize
Royal Palaces of Abomey	Cultural	Benin
City of Potosí	Cultural	Bolivia (Plurinational State of)
Jesuit Missions of the Chiquitos	Cultural	Bolivia (Plurinational State of)
Historic City of Sucre	Cultural	Bolivia (Plurinational State of)
Tiwanaku: Spiritual and Political Centre of the Tiwanaku Culture	Cultural	Bolivia (Plurinational State of)
Fuerte de Samaipata	Cultural	Bolivia (Plurinational State of)
Noel Kempff Mercado National Park	Natural	Bolivia (Plurinational State of)
Old Bridge Area of the Old City of Mostar	Cultural	Bosnia and Herzegovina
Mehmed Paša Sokolović Bridge in Višegrad	Cultural	Bosnia and Herzegovina
Tsodilo	Cultural	Botswana
Historic Town of Ouro Preto	Cultural	Brazil
Historic Centre of the Town of Olinda	Cultural	Brazil
Historic Centre of Salvador de Bahia	Cultural	Brazil
Sanctuary of Bom Jesus do Congonhas	Cultural	Brazil
Iguaçu National Park	Natural	Brazil
Brasilia	Cultural	Brazil
Serra da Capivara National Park	Cultural	Brazil
Historic Centre of São Luís	Cultural	Brazil
Historic Centre of the Town of Diamantina	Cultural	Brazil
Discovery Coast Atlantic Forest Reserves	Natural	Brazil
Atlantic Forest South-East Reserves	Natural	Brazil
Historic Centre of the Town of Goiás	Cultural	Brazil
Central Amazon Conservation Complex	Natural	Brazil
Pantanal Conservation Area	Natural	Brazil
Brazilian Atlantic Islands: Fernando de Noronha and Atol das Rocas Reserves	Natural	Brazil
Cerrado Protected Areas: Chapada dos Veadeiros and Emas National Parks	Natural	Brazil
Rio de Janeiro: Carioca Landscapes between the Mountain and the Sea	Cultural	Brazil
São Francisco Square in the Town of São Cristóvão	Cultural	Brazil
Boyana Church	Cultural	Bulgaria
Madara Rider	Cultural	Bulgaria
Thracian Tomb of Kazanlak	Cultural	Bulgaria
Rock-Hewn Churches of Ivanovo	Cultural	Bulgaria
Rila Monastery	Cultural	Bulgaria
Ancient City of Nessebar	Cultural	Bulgaria
Srebarna Nature Reserve	Natural	Bulgaria
Pirin National Park	Natural	Bulgaria
Thracian Tomb of Sveshtari	Cultural	Bulgaria
Ruins of Loropéni	Cultural	Burkina Faso
Angkor	Cultural	Cambodia
Temple of Preah Vihear	Cultural	Cambodia
Dja Faunal Reserve	Natural	Cameroon
L’Anse aux Meadows National Historic Site	Cultural	Canada
Nahanni National Park	Natural	Canada
Dinosaur Provincial Park	Natural	Canada
S<U>G</U>ang Gwaay	Cultural	Canada
Head-Smashed-In Buffalo Jump	Cultural	Canada
Wood Buffalo National Park	Natural	Canada
Historic District of Old Québec	Cultural	Canada
Gros Morne National Park	Natural	Canada
Miguasha National Park	Natural	Canada
Old Town Lunenburg	Cultural	Canada
Rideau Canal	Cultural	Canada
Joggins Fossil Cliffs	Natural	Canada
Landscape of Grand Pré	Cultural	Canada
Red Bay Basque Whaling Station	Cultural	Canada
Cidade Velha, Historic Centre of Ribeira Grande	Cultural	Cape Verde
Manovo-Gounda St Floris National Park	Natural	Central African Republic
Lakes of Ounianga	Natural	Chad
Rapa Nui National Park	Cultural	Chile
Historic Quarter of the Seaport City of Valparaíso	Cultural	Chile
Churches of Chiloé	Cultural	Chile
Humberstone and Santa Laura Saltpeter Works	Cultural	Chile
Sewell Mining Town	Cultural	Chile
Mount Taishan	Mixed	China
The Great Wall	Cultural	China
Imperial Palaces of the Ming and Qing Dynasties in Beijing and Shenyang	Cultural	China
Mogao Caves	Cultural	China
Mausoleum of the First Qin Emperor	Cultural	China
Peking Man Site at Zhoukoudian	Cultural	China
Mount Huangshan	Mixed	China
Jiuzhaigou Valley Scenic and Historic Interest Area	Natural	China
Huanglong Scenic and Historic Interest Area	Natural	China
Wulingyuan Scenic and Historic Interest Area	Natural	China
Mountain Resort and its Outlying Temples, Chengde	Cultural	China
Temple and Cemetery of Confucius and the Kong Family Mansion in Qufu	Cultural	China
Ancient Building Complex in the Wudang Mountains	Cultural	China
Historic Ensemble of the Potala Palace, Lhasa	Cultural	China
Lushan National Park	Cultural	China
Mount Emei Scenic Area, including Leshan Giant Buddha Scenic Area	Mixed	China
Old Town of Lijiang	Cultural	China
Ancient City of Ping Yao	Cultural	China
Classical Gardens of Suzhou	Cultural	China
Summer Palace, an Imperial Garden in Beijing	Cultural	China
Temple of Heaven: an Imperial Sacrificial Altar in Beijing	Cultural	China
Mount Wuyi	Mixed	China
Dazu Rock Carvings	Cultural	China
Mount Qingcheng and the Dujiangyan Irrigation System	Cultural	China
Ancient Villages in Southern Anhui – Xidi and Hongcun	Cultural	China
Longmen Grottoes	Cultural	China
Imperial Tombs of the Ming and Qing Dynasties	Cultural	China
Yungang Grottoes	Cultural	China
Three Parallel Rivers of Yunnan Protected Areas	Natural	China
Historic Centre of Macao	Cultural	China
Cultural Landscape of Honghe Hani Rice Terraces 	Cultural	China
Kaiping Diaolou and Villages	Cultural	China
Fujian <em>Tulou</em>	Cultural	China
Yin Xu	Cultural	China
Capital Cities and Tombs of the Ancient Koguryo Kingdom	Cultural	China
Sichuan Giant Panda Sanctuaries - Wolong, Mt Siguniang and Jiajin Mountains 	Natural	China
South China Karst	Natural	China
Mount Wutai	Cultural	China
Mount Sanqingshan National Park	Natural	China
Historic Monuments of Dengfeng in “The Centre of Heaven and Earth”	Cultural	China
West Lake Cultural Landscape of Hangzhou	Cultural	China
China Danxia	Natural	China
Chengjiang Fossil Site	Natural	China
Site of Xanadu	Cultural	China
Xinjiang Tianshan	Natural	China
Port, Fortresses and Group of Monuments, Cartagena	Cultural	Colombia
Los Katíos National Park	Natural	Colombia
Historic Centre of Santa Cruz de Mompox	Cultural	Colombia
National Archeological Park of Tierradentro	Cultural	Colombia
San Agustín Archaeological Park	Cultural	Colombia
Coffee Cultural Landscape of Colombia	Cultural	Colombia
Malpelo Fauna and Flora Sanctuary	Natural	Colombia
Cocos Island National Park	Natural	Costa Rica
Historic Town of Grand-Bassam	Cultural	Côte d'Ivoire
Old City of Dubrovnik	Cultural	Croatia
Historical Complex of Split with the Palace of Diocletian	Cultural	Croatia
Plitvice Lakes National Park	Natural	Croatia
Episcopal Complex of the Euphrasian Basilica in the Historic Centre of Poreč	Cultural	Croatia
Historic City of Trogir	Cultural	Croatia
The Cathedral of St James in Šibenik	Cultural	Croatia
Stari Grad Plain	Cultural	Croatia
Viñales Valley	Cultural	Cuba
San Pedro de la Roca Castle, Santiago de Cuba	Cultural	Cuba
Desembarco del Granma National Park	Natural	Cuba
Urban Historic Centre of Cienfuegos 	Cultural	Cuba
Historic Centre of Camagüey	Cultural	Cuba
Paphos	Cultural	Cyprus
Choirokoitia	Cultural	Cyprus
Historic Centre of Prague	Cultural	Czech Republic
Historic Centre of Český Krumlov	Cultural	Czech Republic
Historic Centre of Telč	Cultural	Czech Republic
Pilgrimage Church of St John of Nepomuk at Zelená Hora	Cultural	Czech Republic
Kutná Hora: Historical Town Centre with the Church of St Barbara and the Cathedral of Our Lady at Sedlec	Cultural	Czech Republic
Lednice-Valtice Cultural Landscape	Cultural	Czech Republic
Holy Trinity Column in Olomouc	Cultural	Czech Republic
Gardens and Castle at Kroměříž	Cultural	Czech Republic
Holašovice Historical Village Reservation	Cultural	Czech Republic
Litomyšl Castle	Cultural	Czech Republic
Tugendhat Villa in Brno	Cultural	Czech Republic
Jewish Quarter and St Procopius' Basilica in Třebíč	Cultural	Czech Republic
Virunga National Park	Natural	Democratic Republic of the Congo
Garamba National Park	Natural	Democratic Republic of the Congo
Kahuzi-Biega National Park	Natural	Democratic Republic of the Congo
Salonga National Park	Natural	Democratic Republic of the Congo
Okapi Wildlife Reserve	Natural	Democratic Republic of the Congo
Roskilde Cathedral	Cultural	Denmark
Kronborg Castle	Cultural	Denmark
Jelling Mounds, Runic Stones and Church	Cultural	Denmark
Ilulissat Icefjord	Natural	Denmark
Morne Trois Pitons National Park	Natural	Dominica
City of Quito	Cultural	Ecuador
Historic Centre of Santa Ana de los Ríos de Cuenca	Cultural	Ecuador
Memphis and its Necropolis – the Pyramid Fields from Giza to Dahshur	Cultural	Egypt
Ancient Thebes with its Necropolis	Cultural	Egypt
Nubian Monuments from Abu Simbel to Philae	Cultural	Egypt
Historic Cairo	Cultural	Egypt
Abu Mena	Cultural	Egypt
Saint Catherine Area	Cultural	Egypt
Joya de Cerén Archaeological Site	Cultural	El Salvador
Historic Centre (Old Town) of Tallinn	Cultural	Estonia
Simien National Park	Natural	Ethiopia
Lower Valley of the Awash	Cultural	Ethiopia
Tiya	Cultural	Ethiopia
Aksum	Cultural	Ethiopia
Lower Valley of the Omo	Cultural	Ethiopia
Rock-Hewn Churches, Lalibela	Cultural	Ethiopia
Fasil Ghebbi, Gondar Region	Cultural	Ethiopia
Harar Jugol, the Fortified Historic Town	Cultural	Ethiopia
Konso Cultural Landscape	Cultural	Ethiopia
Levuka Historical Port Town	Cultural	Fiji
Bronze Age Burial Site of Sammallahdenmäki	Cultural	Finland
Old Rauma	Cultural	Finland
Mont-Saint-Michel and its Bay	Cultural	France
Chartres Cathedral	Cultural	France
Palace and Park of Versailles	Cultural	France
Vézelay, Church and Hill	Cultural	France
Prehistoric Sites and Decorated Caves of the Vézère Valley	Cultural	France
Palace and Park of Fontainebleau	Cultural	France
Amiens Cathedral	Cultural	France
Roman Theatre and its Surroundings and the "Triumphal Arch" of Orange	Cultural	France
Arles, Roman and Romanesque Monuments	Cultural	France
Cistercian Abbey of Fontenay	Cultural	France
From the Great Saltworks of Salins-les-Bains to the Royal Saltworks of Arc-et-Senans, the Production of Open-pan Salt 	Cultural	France
Historic Centre of Avignon: Papal Palace, Episcopal Ensemble and Avignon Bridge	Cultural	France
Place Stanislas, Place de la Carrière and Place d'Alliance in Nancy	Cultural	France
Abbey Church of Saint-Savin sur Gartempe	Cultural	France
Gulf of Porto: Calanche of Piana, Gulf of Girolata, Scandola Reserve	Natural	France
Pont du Gard (Roman Aqueduct)	Cultural	France
Historic Fortified City of Carcassonne	Cultural	France
Strasbourg – Grande île	Cultural	France
Paris, Banks of the Seine	Cultural	France
Cathedral of Notre-Dame, Former Abbey of Saint-Rémi and Palace of Tau, Reims	Cultural	France
Bourges Cathedral	Cultural	France
Canal du Midi	Cultural	France
Routes of Santiago de Compostela in France	Cultural	France
Historic Site of Lyons	Cultural	France
Provins, Town of Medieval Fairs	Cultural	France
Jurisdiction of Saint-Emilion	Cultural	France
The Loire Valley between Sully-sur-Loire and Chalonnes	Cultural	France
Lagoons of New Caledonia: Reef Diversity and Associated Ecosystems	Natural	France
The Causses and the Cévennes, Mediterranean agro-pastoral Cultural Landscape	Cultural	France
Le Havre, the City Rebuilt by Auguste Perret	Cultural	France
Bordeaux, Port of the Moon	Cultural	France
Fortifications of Vauban	Cultural	France
Pitons, cirques and remparts of Reunion Island	Natural	France
Episcopal City of Albi	Cultural	France
Nord-Pas de Calais Mining Basin	Cultural	France
Ecosystem and Relict Cultural Landscape of Lopé-Okanda	Mixed	Gabon
Kunta Kinteh Island and Related Sites	Cultural	Gambia
Historical Monuments of Mtskheta	Cultural	Georgia
Upper Svaneti	Cultural	Georgia
Bagrati Cathedral and Gelati Monastery	Cultural	Georgia
Aachen Cathedral 	Cultural	Germany
Speyer Cathedral	Cultural	Germany
Würzburg Residence with the Court Gardens and Residence Square	Cultural	Germany
St Mary's Cathedral and St Michael's Church at Hildesheim	Cultural	Germany
Pilgrimage Church of Wies	Cultural	Germany
Hanseatic City of Lübeck	Cultural	Germany
Castles of Augustusburg and Falkenlust at Brühl	Cultural	Germany
Cologne Cathedral	Cultural	Germany
Roman Monuments, Cathedral of St Peter and Church of Our Lady in Trier	Cultural	Germany
Abbey and Altenmünster of Lorsch	Cultural	Germany
Palaces and Parks of Potsdam and Berlin	Cultural	Germany
Garden Kingdom of Dessau-Wörlitz	Cultural	Germany
Collegiate Church, Castle and Old Town of Quedlinburg	Cultural	Germany
Maulbronn Monastery Complex	Cultural	Germany
Mines of Rammelsberg, Historic Town of Goslar and Upper Harz Water Management  System	Cultural	Germany
Town of Bamberg	Cultural	Germany
Völklingen Ironworks	Cultural	Germany
Messel Pit Fossil Site	Natural	Germany
Bauhaus and its Sites in Weimar and Dessau	Cultural	Germany
Luther Memorials in Eisleben and Wittenberg	Cultural	Germany
Classical Weimar	Cultural	Germany
Museumsinsel (Museum Island), Berlin	Cultural	Germany
Wartburg Castle	Cultural	Germany
Monastic Island of Reichenau	Cultural	Germany
Zollverein Coal Mine Industrial Complex in Essen	Cultural	Germany
Upper Middle Rhine Valley	Cultural	Germany
Historic Centres of Stralsund and Wismar	Cultural	Germany
Town Hall and Roland on the Marketplace of Bremen	Cultural	Germany
Old town of Regensburg with Stadtamhof	Cultural	Germany
Berlin Modernism Housing Estates	Cultural	Germany
Fagus Factory in Alfeld	Cultural	Germany
Margravial Opera House Bayreuth	Cultural	Germany
Bergpark Wilhelmshöhe	Cultural	Germany
Asante Traditional Buildings	Cultural	Ghana
Temple of Apollo Epicurius at Bassae	Cultural	Greece
Archaeological Site of Delphi	Cultural	Greece
Acropolis, Athens	Cultural	Greece
Mount Athos	Mixed	Greece
Meteora	Mixed	Greece
Paleochristian and Byzantine Monuments of Thessalonika	Cultural	Greece
Sanctuary of Asklepios at Epidaurus	Cultural	Greece
Medieval City of Rhodes	Cultural	Greece
Archaeological Site of Mystras	Cultural	Greece
Archaeological Site of Olympia	Cultural	Greece
Delos	Cultural	Greece
Monasteries of Daphni, Hosios Loukas and Nea Moni of Chios	Cultural	Greece
Pythagoreion and Heraion of Samos	Cultural	Greece
Archaeological Site of Aigai (modern name Vergina)	Cultural	Greece
Archaeological Sites of Mycenae and Tiryns	Cultural	Greece
Historic Centre (Chorá) with the Monastery of Saint John 	Cultural	Greece
Old Town of Corfu	Cultural	Greece
Tikal National Park	Mixed	Guatemala
Antigua Guatemala	Cultural	Guatemala
Archaeological Park and Ruins of Quirigua	Cultural	Guatemala
National History Park – Citadel, Sans Souci, Ramiers	Cultural	Haiti
Vatican City	Cultural	Holy See
Maya Site of Copan	Cultural	Honduras
Río Plátano Biosphere Reserve	Natural	Honduras
Budapest, including the Banks of the Danube, the Buda Castle Quarter and Andrássy Avenue	Cultural	Hungary
Old Village of Hollókő and its Surroundings	Cultural	Hungary
Hortobágy National Park - the <i>Puszta</i>	Cultural	Hungary
Millenary Benedictine Abbey of Pannonhalma and its Natural Environment	Cultural	Hungary
Early Christian Necropolis of Pécs (Sopianae)	Cultural	Hungary
Tokaj Wine Region Historic Cultural Landscape	Cultural	Hungary
Þingvellir National Park	Cultural	Iceland
Surtsey	Natural	Iceland
Red Fort Complex	Cultural	India
Humayun's Tomb, Delhi	Cultural	India
Qutb Minar and its Monuments, Delhi	Cultural	India
Churches and Convents of Goa	Cultural	India
Group of Monuments at Pattadakal	Cultural	India
Khajuraho Group of Monuments	Cultural	India
Group of Monuments at Hampi	Cultural	India
Ajanta Caves	Cultural	India
Ellora Caves	Cultural	India
Elephanta Caves	Cultural	India
Sun Temple, Konârak	Cultural	India
Hill Forts of Rajasthan	Cultural	India
Group of Monuments at Mahabalipuram	Cultural	India
Great Living Chola Temples	Cultural	India
Agra Fort	Cultural	India
Taj Mahal	Cultural	India
Fatehpur Sikri	Cultural	India
Nanda Devi and Valley of Flowers National Parks  	Natural	India
Kaziranga National Park	Natural	India
Manas Wildlife Sanctuary	Natural	India
Keoladeo National Park	Natural	India
Buddhist Monuments at Sanchi	Cultural	India
Rock Shelters of Bhimbetka	Cultural	India
Mountain Railways of India	Cultural	India
Chhatrapati Shivaji Terminus (formerly Victoria Terminus)	Cultural	India
Mahabodhi Temple Complex at Bodh Gaya	Cultural	India
Champaner-Pavagadh Archaeological Park	Cultural	India
The Jantar Mantar, Jaipur	Cultural	India
Western Ghats	Natural	India
Borobudur Temple Compounds	Cultural	Indonesia
Sangiran Early Man Site	Cultural	Indonesia
Ujung Kulon National Park	Natural	Indonesia
Prambanan Temple Compounds	Cultural	Indonesia
Cultural Landscape of Bali Province: the <em>Subak</em> System as a Manifestation of the <em>Tri Hita Karana</em> Philosophy	Cultural	Indonesia
Tchogha Zanbil	Cultural	Iran (Islamic Republic of)
Persepolis	Cultural	Iran (Islamic Republic of)
Meidan Emam, Esfahan	Cultural	Iran (Islamic Republic of)
Takht-e Soleyman	Cultural	Iran (Islamic Republic of)
Pasargadae	Cultural	Iran (Islamic Republic of)
Soltaniyeh	Cultural	Iran (Islamic Republic of)
Bam and its Cultural Landscape	Cultural	Iran (Islamic Republic of)
Bisotun	Cultural	Iran (Islamic Republic of)
Armenian Monastic Ensembles of Iran	Cultural	Iran (Islamic Republic of)
Shushtar Historical Hydraulic System	Cultural	Iran (Islamic Republic of)
Sheikh Safi al-din Khānegāh and Shrine Ensemble in Ardabil	Cultural	Iran (Islamic Republic of)
Tabriz Historic Bazaar Complex	Cultural	Iran (Islamic Republic of)
The Persian Garden	Cultural	Iran (Islamic Republic of)
Masjed-e Jāmé of Isfahan  	Cultural	Iran (Islamic Republic of)
Gonbad-e Qābus	Cultural	Iran (Islamic Republic of)
Golestan Palace	Cultural	Iran (Islamic Republic of)
Samarra Archaeological City	Cultural	Iraq
Hatra	Cultural	Iraq
Ashur (Qal'at Sherqat)	Cultural	Iraq
Brú na Bóinne - Archaeological Ensemble of the Bend of the Boyne	Cultural	Ireland
Masada	Cultural	Israel
Old City of Acre	Cultural	Israel
White City of Tel-Aviv -- the Modern Movement	Cultural	Israel
Incense Route - Desert Cities in the Negev	Cultural	Israel
Biblical Tels - Megiddo, Hazor, Beer Sheba	Cultural	Israel
Bahá’i Holy Places in Haifa and the Western Galilee	Cultural	Israel
Sites of Human Evolution at Mount Carmel: The Nahal Me’arot / Wadi el-Mughara Caves	Cultural	Israel
Church and Dominican Convent of Santa Italy Maria delle Grazie with "The Last Supper" by Leonardo da Vinci	Cultural	Italy
Rock Drawings in Valcamonica	Cultural	Italy
Historic Centre of Florence	Cultural	Italy
Medici Villas and Gardens in Tuscany	Cultural	Italy
Venice and its Lagoon	Cultural	Italy
Piazza del Duomo, Pisa	Cultural	Italy
Castel del Monte	Cultural	Italy
18th-Century Royal Palace at Caserta with the Park, the Aqueduct of Vanvitelli, and the San Leucio Complex	Cultural	Italy
Historic Centre of San Gimignano	Cultural	Italy
The Sassi and the Park of the Rupestrian Churches of Matera	Cultural	Italy
City of Vicenza and the Palladian Villas of the Veneto	Cultural	Italy
Historic Centre of Siena	Cultural	Italy
Historic Centre of Naples	Cultural	Italy
Crespi d'Adda	Cultural	Italy
Ferrara, City of the Renaissance, and its Po Delta	Cultural	Italy
The <I>Trulli</I> of Alberobello	Cultural	Italy
Early Christian Monuments of Ravenna	Cultural	Italy
Historic Centre of the City of Pienza	Cultural	Italy
City of Verona	Cultural	Italy
Residences of the Royal House of Savoy	Cultural	Italy
Botanical Garden (Orto Botanico), Padua	Cultural	Italy
Archaeological Area and the Patriarchal Basilica of Aquileia	Cultural	Italy
Portovenere, Cinque Terre, and the Islands (Palmaria, Tino and Tinetto)	Cultural	Italy
Cathedral, Torre Civica and Piazza Grande, Modena	Cultural	Italy
Historic Centre of Urbino	Cultural	Italy
Archaeological Areas of Pompei, Herculaneum and Torre Annunziata	Cultural	Italy
Costiera Amalfitana	Cultural	Italy
Archaeological Area of Agrigento	Cultural	Italy
Villa Romana del Casale	Cultural	Italy
Su Nuraxi di Barumini	Cultural	Italy
Cilento and Vallo di Diano National Park with the Archeological Sites of Paestum and Velia, and the Certosa di Padula	Cultural	Italy
Villa Adriana (Tivoli)	Cultural	Italy
Isole Eolie (Aeolian Islands)	Natural	Italy
Assisi, the Basilica of San Francesco and Other Franciscan Sites	Cultural	Italy
Late Baroque Towns of the Val di Noto (South-Eastern Sicily)	Cultural	Italy
Villa d'Este, Tivoli	Cultural	Italy
Val d'Orcia	Cultural	Italy
<I>Sacri Monti</I> of Piedmont and Lombardy	Cultural	Italy
Etruscan Necropolises of Cerveteri and Tarquinia	Cultural	Italy
Syracuse and the Rocky Necropolis of Pantalica	Cultural	Italy
Genoa: <i>Le Strade Nuove</i> and the system of the<i> Palazzi dei Rolli</i>	Cultural	Italy
The Dolomites	Natural	Italy
Mantua and Sabbioneta	Cultural	Italy
Longobards in Italy. Places of the Power (568-774 A.D.)	Cultural	Italy
Mount Etna	Natural	Italy
Buddhist Monuments in the Horyu-ji Area	Cultural	Japan
Himeji-jo	Cultural	Japan
Yakushima	Natural	Japan
Shirakami-Sanchi	Natural	Japan
Historic Monuments of Ancient Kyoto (Kyoto, Uji and Otsu Cities)	Cultural	Japan
Historic Villages of Shirakawa-go and Gokayama	Cultural	Japan
Hiroshima Peace Memorial (Genbaku Dome)	Cultural	Japan
Itsukushima Shinto Shrine	Cultural	Japan
Historic Monuments of Ancient Nara	Cultural	Japan
Shrines and Temples of Nikko	Cultural	Japan
Gusuku Sites and Related Properties of the Kingdom of Ryukyu	Cultural	Japan
Sacred Sites and Pilgrimage Routes in the Kii Mountain Range	Cultural	Japan
Shiretoko	Natural	Japan
Iwami Ginzan Silver Mine and its Cultural Landscape	Cultural	Japan
Hiraizumi – Temples, Gardens and Archaeological Sites Representing the Buddhist Pure Land	Cultural	Japan
Ogasawara Islands	Natural	Japan
Fujisan, sacred place and source of artistic inspiration	Cultural	Japan
Old City of Jerusalem and its Walls	Cultural	Jerusalem (Site proposed by Jordan)
Petra	Cultural	Jordan
Quseir Amra	Cultural	Jordan
Um er-Rasas (Kastrom Mefa'a)	Cultural	Jordan
Wadi Rum Protected Area	Mixed	Jordan
Saryarka – Steppe and Lakes of Northern Kazakhstan	Natural	Kazakhstan
Mausoleum of Khoja Ahmed Yasawi	Cultural	Kazakhstan
Petroglyphs within the Archaeological Landscape of Tamgaly	Cultural	Kazakhstan
Mount Kenya National Park/Natural Forest	Natural	Kenya
Lake Turkana National Parks	Natural	Kenya
Lamu Old Town	Cultural	Kenya
Kenya Lake System in the Great Rift Valley	Natural	Kenya
Sacred Mijikenda Kaya Forests	Cultural	Kenya
Fort Jesus, Mombasa	Cultural	Kenya
Phoenix Islands Protected Area	Natural	Kiribati
Complex of Koguryo Tombs	Cultural	Korea, Democratic People's Republic of 
Historic Monuments and Sites in Kaesong	Cultural	Korea, Democratic People's Republic of 
Seokguram Grotto and Bulguksa Temple	Cultural	Korea, Republic of
Haeinsa Temple Janggyeong Panjeon, the Depositories for the <I>Tripitaka Koreana</I> Woodblocks	Cultural	Korea, Republic of
Jongmyo Shrine	Cultural	Korea, Republic of
Changdeokgung Palace Complex	Cultural	Korea, Republic of
Hwaseong Fortress	Cultural	Korea, Republic of
Gyeongju Historic Areas	Cultural	Korea, Republic of
Gochang, Hwasun and Ganghwa Dolmen Sites	Cultural	Korea, Republic of
Jeju Volcanic Island and Lava Tubes	Natural	Korea, Republic of
Royal Tombs of the Joseon Dynasty	Cultural	Korea, Republic of
Historic Villages of Korea: Hahoe and Yangdong	Cultural	Korea, Republic of
Sulaiman-Too Sacred Mountain	Cultural	Kyrgyzstan
Town of Luang Prabang	Cultural	Lao People's Democratic Republic
Vat Phou and Associated Ancient Settlements within the Champasak Cultural Landscape	Cultural	Lao People's Democratic Republic
Historic Centre of Riga	Cultural	Latvia
Anjar	Cultural	Lebanon
Baalbek	Cultural	Lebanon
Byblos	Cultural	Lebanon
Tyre	Cultural	Lebanon
Archaeological Site of Leptis Magna	Cultural	Libya
Archaeological Site of Sabratha	Cultural	Libya
Archaeological Site of Cyrene	Cultural	Libya
Rock-Art Sites of Tadrart Acacus	Cultural	Libya
Old Town of Ghadamès	Cultural	Libya
Vilnius Historic Centre	Cultural	Lithuania
Kernavė  Archaeological Site (Cultural Reserve of Kernavė)	Cultural	Lithuania
City of Luxembourg: its Old Quarters and Fortifications	Cultural	Luxembourg
Rainforests of the Atsinanana	Natural	Madagascar
Lake Malawi National Park	Natural	Malawi
Chongoni Rock-Art Area	Cultural	Malawi
Kinabalu Park	Natural	Malaysia
Gunung Mulu National Park	Natural	Malaysia
Melaka and George Town, Historic Cities of the Straits of Malacca	Cultural	Malaysia
Archaeological Heritage of the Lenggong Valley	Cultural	Malaysia
Old Towns of Djenné	Cultural	Mali
Timbuktu	Cultural	Mali
Cliff of Bandiagara (Land of the Dogons)	Mixed	Mali
Tomb of Askia	Cultural	Mali
Hal Saflieni Hypogeum	Cultural	Malta
City of Valletta	Cultural	Malta
Bikini Atoll Nuclear Test Site	Cultural	Marshall Islands
Banc d'Arguin National Park	Natural	Mauritania
Le Morne Cultural Landscape	Cultural	Mauritius
Sian Ka'an	Natural	Mexico
Pre-Hispanic City and National Park of Palenque	Cultural	Mexico
Historic Centre of Mexico City and Xochimilco	Cultural	Mexico
Pre-Hispanic City of Teotihuacan	Cultural	Mexico
Historic Centre of Oaxaca and Archaeological Site of Monte Albán	Cultural	Mexico
Historic Centre of Puebla	Cultural	Mexico
Historic Town of Guanajuato and Adjacent Mines	Cultural	Mexico
Pre-Hispanic City of Chichen-Itza	Cultural	Mexico
Whale Sanctuary of El Vizcaino	Natural	Mexico
Archaeological Zone of Paquimé, Casas Grandes	Cultural	Mexico
Historic Centre of Morelia	Cultural	Mexico
El Tajin, Pre-Hispanic City	Cultural	Mexico
Historic Centre of Zacatecas	Cultural	Mexico
Earliest 16th-Century Monasteries on the Slopes of Popocatepetl	Cultural	Mexico
Rock Paintings of the Sierra de San Francisco	Cultural	Mexico
Pre-Hispanic Town of Uxmal	Cultural	Mexico
Historic Monuments Zone of Querétaro	Cultural	Mexico
Hospicio Cabañas, Guadalajara	Cultural	Mexico
Historic Monuments Zone of Tlacotalpan	Cultural	Mexico
Historic Fortified Town of Campeche	Cultural	Mexico
Archaeological Monuments Zone of Xochicalco	Cultural	Mexico
Ancient Maya City of Calakmul, Campeche	Cultural	Mexico
Franciscan Missions in the Sierra Gorda of Querétaro	Cultural	Mexico
Luis Barragán House and Studio	Cultural	Mexico
Islands and Protected Areas of the Gulf of California	Natural	Mexico
Agave Landscape and Ancient Industrial Facilities of Tequila	Cultural	Mexico
Central University City Campus of the <i>Universidad Nacional Autónoma de México</i> (UNAM)	Cultural	Mexico
Protective town of San Miguel and the Sanctuary of Jesús Nazareno de Atotonilco	Cultural	Mexico
Monarch Butterfly Biosphere Reserve	Natural	Mexico
Camino Real de Tierra Adentro	Cultural	Mexico
Prehistoric Caves of Yagul and Mitla in the Central Valley of Oaxaca	Cultural	Mexico
El Pinacate and Gran Desierto de Altar Biosphere Reserve	Natural	Mexico
Orkhon Valley Cultural Landscape	Cultural	Mongolia
Petroglyphic Complexes of the Mongolian Altai	Cultural	Mongolia
Durmitor National Park	Natural	Montenegro
Natural and Culturo-Historical Region of Kotor	Cultural	Montenegro
Medina of Fez	Cultural	Morocco
Medina of Marrakesh	Cultural	Morocco
Ksar of Ait-Ben-Haddou	Cultural	Morocco
Medina of Essaouira (formerly Mogador)	Cultural	Morocco
Historic City of Meknes	Cultural	Morocco
Archaeological Site of Volubilis	Cultural	Morocco
Medina of Tétouan (formerly known as Titawin)	Cultural	Morocco
Portuguese City of Mazagan (El Jadida)	Cultural	Morocco
Rabat, Modern Capital and Historic City: a Shared Heritage	Cultural	Morocco
Island of Mozambique	Cultural	Mozambique
Twyfelfontein or /Ui-//aes	Cultural	Namibia
Namib Sand Sea	Natural	Namibia
Kathmandu Valley 	Cultural	Nepal
Chitwan National Park	Natural	Nepal
Lumbini, the Birthplace of the Lord Buddha	Cultural	Nepal
Historic Area of Willemstad, Inner City and Harbour, Curaçao	Cultural	Netherlands
Rietveld Schröderhuis (Rietveld Schröder House)	Cultural	Netherlands
Seventeenth-century canal ring area of Amsterdam inside the Singelgracht	Cultural	Netherlands
New Zealand Sub-Antarctic Islands	Natural	New Zealand
Ruins of León Viejo	Cultural	Nicaragua
León Cathedral	Cultural	Nicaragua
W National Park of Niger	Natural	Niger
Historic Centre of Agadez	Cultural	Niger
Sukur Cultural Landscape	Cultural	Nigeria
Osun-Osogbo Sacred Grove	Cultural	Nigeria
Røros Mining Town and the Circumference	Cultural	Norway
Urnes Stave Church	Cultural	Norway
Rock Art of Alta	Cultural	Norway
West Norwegian Fjords – Geirangerfjord and Nærøyfjord	Natural	Norway
Bahla Fort	Cultural	Oman
Archaeological Sites of Bat, Al-Khutm and Al-Ayn	Cultural	Oman
Land of Frankincense	Cultural	Oman
<i>Aflaj</i> Irrigation Systems of Oman	Cultural	Oman
Archaeological Ruins at Moenjodaro	Cultural	Pakistan
Taxila	Cultural	Pakistan
Buddhist Ruins of Takht-i-Bahi and Neighbouring City Remains at Sahr-i-Bahlol	Cultural	Pakistan
Historical Monuments at Makli, Thatta	Cultural	Pakistan
Fort and Shalamar Gardens in Lahore	Cultural	Pakistan
Rohtas Fort	Cultural	Pakistan
Rock Islands Southern Lagoon	Mixed	Palau
Birthplace of Jesus: Church of the Nativity and the Pilgrimage Route, Bethlehem	Cultural	Palestine
Fortifications on the Caribbean Side of Panama: Portobelo-San Lorenzo	Cultural	Panama
Darien National Park	Natural	Panama
Archaeological Site of Panamá Viejo and Historic District of Panamá	Cultural	Panama
Coiba National Park and its Special Zone of Marine Protection	Natural	Panama
Kuk Early Agricultural Site	Cultural	Papua New Guinea
Jesuit Missions of La Santísima Trinidad de Paraná and Jesús de Tavarangue	Cultural	Paraguay
City of Cuzco	Cultural	Peru
Historic Sanctuary of Machu Picchu	Mixed	Peru
Chavin (Archaeological Site)	Cultural	Peru
Manú National Park	Natural	Peru
Historic Centre of Lima	Cultural	Peru
Río Abiseo National Park	Mixed	Peru
Lines and Geoglyphs of Nasca and Pampas de Jumana	Cultural	Peru
Historical Centre of the City of Arequipa	Cultural	Peru
Sacred City of Caral-Supe	Cultural	Peru
Historic Town of Vigan	Cultural	Philippines
Puerto-Princesa Subterranean River National Park	Natural	Philippines
Baroque Churches of the Philippines	Cultural	Philippines
Historic Centre of Kraków	Cultural	Poland
Historic Centre of Warsaw	Cultural	Poland
Auschwitz Birkenau <br /><small>German Nazi Concentration and Extermination Camp (1940-1945)</small>	Cultural	Poland
Wieliczka and Bochnia Royal Salt Mines	Cultural	Poland
Old City of Zamość	Cultural	Poland
Medieval Town of Toruń	Cultural	Poland
Castle of the Teutonic Order in Malbork	Cultural	Poland
Kalwaria Zebrzydowska: the Mannerist Architectural and Park Landscape Complex and Pilgrimage Park	Cultural	Poland
Wooden Churches of Southern Małopolska	Cultural	Poland
Churches of Peace in Jawor and Świdnica	Cultural	Poland
Centennial Hall in Wrocław	Cultural	Poland
Central Zone of the Town of Angra do Heroismo in the Azores	Cultural	Portugal
Monastery of the Hieronymites and Tower of Belém in Lisbon	Cultural	Portugal
Monastery of Batalha	Cultural	Portugal
Convent of Christ in Tomar	Cultural	Portugal
Historic Centre of Évora	Cultural	Portugal
Monastery of Alcobaça	Cultural	Portugal
Cultural Landscape of Sintra	Cultural	Portugal
Historic Centre of Oporto	Cultural	Portugal
Laurisilva of Madeira	Natural	Portugal
Historic Centre of Guimarães	Cultural	Portugal
Alto Douro Wine Region	Cultural	Portugal
Landscape of the Pico Island Vineyard Culture	Cultural	Portugal
Garrison Border Town of Elvas and its Fortifications	Cultural	Portugal
University of Coimbra – Alta and Sofia	Cultural	Portugal
Al Zubarah Archaeological Site	Cultural	Qatar
Danube Delta	Natural	Romania
Villages with Fortified Churches in Transylvania	Cultural	Romania
Monastery of Horezu	Cultural	Romania
Churches of Moldavia	Cultural	Romania
Historic Centre of Sighişoara	Cultural	Romania
Wooden Churches of Maramureş	Cultural	Romania
Dacian Fortresses of the Orastie Mountains	Cultural	Romania
Historic Centre of Saint Petersburg and Related Groups of Monuments	Cultural	Russian Federation
Kizhi Pogost	Cultural	Russian Federation
Kremlin and Red Square, Moscow	Cultural	Russian Federation
Historic Monuments of Novgorod and Surroundings	Cultural	Russian Federation
Cultural and Historic Ensemble of the Solovetsky Islands	Cultural	Russian Federation
White Monuments of Vladimir and Suzdal	Cultural	Russian Federation
Church of the Ascension, Kolomenskoye	Cultural	Russian Federation
Architectural Ensemble of the Trinity Sergius Lavra in Sergiev Posad	Cultural	Russian Federation
Virgin Komi Forests	Natural	Russian Federation
Lake Baikal	Natural	Russian Federation
Volcanoes of Kamchatka	Natural	Russian Federation
Central Sikhote-Alin	Natural	Russian Federation
Western Caucasus	Natural	Russian Federation
Historic and Architectural Complex of the Kazan Kremlin	Cultural	Russian Federation
Ensemble of the Ferrapontov Monastery	Cultural	Russian Federation
Citadel, Ancient City and Fortress Buildings of Derbent	Cultural	Russian Federation
Ensemble of the Novodevichy Convent	Cultural	Russian Federation
Historical Centre of the City of Yaroslavl	Cultural	Russian Federation
Putorana Plateau	Natural	Russian Federation
Lena Pillars Nature Park	Natural	Russian Federation
Brimstone Hill Fortress National Park	Cultural	Saint Kitts and Nevis
San Marino Historic Centre and Mount Titano	Cultural	San Marino
Al-Hijr Archaeological Site (Madâin Sâlih)	Cultural	Saudi Arabia
At-Turaif District in ad-Dir'iyah	Cultural	Saudi Arabia
Djoudj National Bird Sanctuary	Natural	Senegal
Island of Gorée	Cultural	Senegal
Niokolo-Koba National Park	Natural	Senegal
Island of Saint-Louis	Cultural	Senegal
Saloum Delta	Cultural	Senegal
Bassari Country: Bassari, Fula and Bedik Cultural Landscapes	Cultural	Senegal
Stari Ras and Sopoćani	Cultural	Serbia
Studenica Monastery	Cultural	Serbia
Medieval Monuments in Kosovo	Cultural	Serbia
Gamzigrad-Romuliana, Palace of Galerius	Cultural	Serbia
Vallée de Mai Nature Reserve	Natural	Seychelles
Historic Town of Banská Štiavnica and the Technical Monuments in its Vicinity	Cultural	Slovakia
Levoča, Spišský Hrad and the Associated Cultural Monuments	Cultural	Slovakia
Vlkolínec	Cultural	Slovakia
Bardejov Town Conservation Reserve	Cultural	Slovakia
Wooden Churches of the Slovak part of the Carpathian Mountain Area	Cultural	Slovakia
Škocjan Caves	Natural	Slovenia
East Rennell	Natural	Solomon Islands
Fossil Hominid Sites of South Africa	Cultural	South Africa
Robben Island	Cultural	South Africa
Mapungubwe Cultural Landscape	Cultural	South Africa
Vredefort Dome	Natural	South Africa
Richtersveld Cultural and Botanical Landscape	Cultural	South Africa
Cave of Altamira and Paleolithic Cave Art of Northern Spain	Cultural	Spain
Old Town of Segovia and its Aqueduct	Cultural	Spain
Monuments of Oviedo and the Kingdom of the Asturias	Cultural	Spain
Historic Centre of Cordoba	Cultural	Spain
Alhambra, Generalife and Albayzín, Granada	Cultural	Spain
Burgos Cathedral	Cultural	Spain
Monastery and Site of the Escurial, Madrid	Cultural	Spain
Works of Antoni Gaudí 	Cultural	Spain
Santiago de Compostela (Old Town)	Cultural	Spain
Old Town of Ávila with its Extra-Muros Churches	Cultural	Spain
Mudejar Architecture of Aragon	Cultural	Spain
Historic City of Toledo	Cultural	Spain
Garajonay National Park	Natural	Spain
Old City of Salamanca	Cultural	Spain
Cathedral, Alcázar and Archivo de Indias in Seville	Cultural	Spain
Old Town of Cáceres	Cultural	Spain
Ibiza, Biodiversity and Culture	Mixed	Spain
Poblet Monastery	Cultural	Spain
Renaissance Monumental Ensembles of Úbeda and Baeza	Cultural	Spain
Archaeological Ensemble of Mérida	Cultural	Spain
Royal Monastery of Santa María de Guadalupe	Cultural	Spain
Route of Santiago de Compostela	Cultural	Spain
Historic Walled Town of Cuenca	Cultural	Spain
La Lonja de la Seda de Valencia	Cultural	Spain
Las Médulas	Cultural	Spain
Palau de la Música Catalana and Hospital de Sant Pau, Barcelona	Cultural	Spain
San Millán Yuso and Suso Monasteries	Cultural	Spain
Rock Art of the Mediterranean Basin on the Iberian Peninsula	Cultural	Spain
Archaeological Ensemble of Tárraco	Cultural	Spain
University and Historic Precinct of Alcalá de Henares	Cultural	Spain
San Cristóbal de La Laguna	Cultural	Spain
Palmeral of Elche	Cultural	Spain
Roman Walls of Lugo	Cultural	Spain
Catalan Romanesque Churches of the Vall de Boí	Cultural	Spain
Archaeological Site of Atapuerca	Cultural	Spain
Aranjuez Cultural Landscape	Cultural	Spain
Vizcaya Bridge	Cultural	Spain
Teide National Park	Natural	Spain
Tower of Hercules	Cultural	Spain
Cultural Landscape of the Serra de Tramuntana	Cultural	Spain
Sacred City of Anuradhapura	Cultural	Sri Lanka
Ancient City of Polonnaruwa	Cultural	Sri Lanka
Central Highlands of Sri Lanka	Natural	Sri Lanka
Gebel Barkal and the Sites of the Napatan Region	Cultural	Sudan
Archaeological Sites of the Island of Meroe	Cultural	Sudan
Historic Inner City of Paramaribo	Cultural	Suriname
Central Suriname Nature Reserve	Natural	Suriname
Birka and Hovgården	Cultural	Sweden
Engelsberg Ironworks	Cultural	Sweden
Rock Carvings in Tanum	Cultural	Sweden
Skogskyrkogården	Cultural	Sweden
Royal Domain of Drottningholm	Cultural	Sweden
Hanseatic Town of Visby	Cultural	Sweden
Church Village of Gammelstad, Luleå	Cultural	Sweden
Laponian Area	Mixed	Sweden
Naval Port of Karlskrona	Cultural	Sweden
Agricultural Landscape of Southern Öland	Cultural	Sweden
Mining Area of the Great Copper Mountain in Falun	Cultural	Sweden
Varberg Radio Station	Cultural	Sweden
Decorated Farmhouses of Hälsingland	Cultural	Sweden
Old City of Berne	Cultural	Switzerland
Abbey of St Gall	Cultural	Switzerland
Benedictine Convent of St John at Müstair	Cultural	Switzerland
Three Castles, Defensive Wall and Ramparts of the Market-Town of Bellinzona	Cultural	Switzerland
Swiss Alps Jungfrau-Aletsch	Natural	Switzerland
Swiss Tectonic Arena Sardona	Natural	Switzerland
Lavaux, Vineyard Terraces	Cultural	Switzerland
La Chaux-de-Fonds / Le Locle, Watchmaking Town Planning	Cultural	Switzerland
Ancient City of Damascus	Cultural	Syrian Arab Republic
Ancient City of Aleppo	Cultural	Syrian Arab Republic
Ancient City of Bosra	Cultural	Syrian Arab Republic
Site of Palmyra	Cultural	Syrian Arab Republic
Crac des Chevaliers and Qal’at Salah El-Din	Cultural	Syrian Arab Republic
Ancient Villages of Northern Syria	Cultural	Syrian Arab Republic
Proto-urban Site of Sarazm	Cultural	Tajikistan
Tajik National Park (Mountains of the Pamirs)	Natural	Tajikistan
Ngorongoro Conservation Area	Mixed	Tanzania, United Republic of 
Ruins of Kilwa Kisiwani and Ruins of Songo Mnara	Cultural	Tanzania, United Republic of 
Serengeti National Park	Natural	Tanzania, United Republic of 
Stone Town of Zanzibar	Cultural	Tanzania, United Republic of 
Selous Game Reserve	Natural	Tanzania, United Republic of 
Kilimanjaro National Park	Natural	Tanzania, United Republic of 
Kondoa Rock-Art Sites	Cultural	Tanzania, United Republic of 
Historic Town of Sukhothai and Associated Historic Towns	Cultural	Thailand
Ban Chiang Archaeological Site	Cultural	Thailand
Historic City of Ayutthaya	Cultural	Thailand
Dong Phayayen-Khao Yai Forest Complex	Natural	Thailand
Thungyai-Huai Kha Khaeng Wildlife Sanctuaries	Natural	Thailand
Natural and Cultural Heritage of the Ohrid region	Mixed	the Former Yugoslav Republic of Macedonia
Koutammakou, the Land of the Batammariba	Cultural	Togo
Medina of Tunis	Cultural	Tunisia
Archaeological Site of Carthage	Cultural	Tunisia
Amphitheatre of El Jem	Cultural	Tunisia
Punic Town of Kerkuane and its Necropolis	Cultural	Tunisia
Medina of Sousse	Cultural	Tunisia
Kairouan	Cultural	Tunisia
Dougga / Thugga	Cultural	Tunisia
Historic Areas of Istanbul	Cultural	Turkey
Göreme National Park and the Rock Sites of Cappadocia	Mixed	Turkey
Great Mosque and Hospital of Divriği	Cultural	Turkey
Hattusha: the Hittite Capital	Cultural	Turkey
Nemrut Dağ	Cultural	Turkey
Xanthos-Letoon	Cultural	Turkey
Hierapolis-Pamukkale	Mixed	Turkey
City of Safranbolu	Cultural	Turkey
Archaeological Site of Troy	Cultural	Turkey
Selimiye Mosque and its Social Complex	Cultural	Turkey
Neolithic Site of Çatalhöyük	Cultural	Turkey
State Historical and Cultural Park “Ancient Merv”	Cultural	Turkmenistan
Kunya-Urgench	Cultural	Turkmenistan
Parthian Fortresses of Nisa	Cultural	Turkmenistan
Bwindi Impenetrable National Park	Natural	Uganda
Rwenzori Mountains National Park	Natural	Uganda
Tombs of Buganda Kings at Kasubi	Cultural	Uganda
Kiev: Saint-Sophia Cathedral and Related Monastic Buildings, Kiev-Pechersk Lavra	Cultural	Ukraine
L'viv – the Ensemble of the Historic Centre	Cultural	Ukraine
Residence of Bukovinian and Dalmatian Metropolitans	Cultural	Ukraine
Ancient City of Tauric Chersonese and its Chora	Cultural	Ukraine
Cultural Sites of Al Ain (Hafit, Hili, Bidaa Bint Saud and Oases Areas)	Cultural	United Arab Emirates
Giant's Causeway and Causeway Coast	Natural	United Kingdom of Great Britain and Northern Ireland
Durham Castle and Cathedral	Cultural	United Kingdom of Great Britain and Northern Ireland
Ironbridge Gorge	Cultural	United Kingdom of Great Britain and Northern Ireland
Studley Royal Park including the Ruins of Fountains Abbey	Cultural	United Kingdom of Great Britain and Northern Ireland
Stonehenge, Avebury and Associated Sites	Cultural	United Kingdom of Great Britain and Northern Ireland
Castles and Town Walls of King Edward in Gwynedd	Cultural	United Kingdom of Great Britain and Northern Ireland
St Kilda	Mixed	United Kingdom of Great Britain and Northern Ireland
Blenheim Palace	Cultural	United Kingdom of Great Britain and Northern Ireland
Palace of Westminster and Westminster Abbey including Saint Margaret’s Church	Cultural	United Kingdom of Great Britain and Northern Ireland
New Lanark	Cultural	United Kingdom of Great Britain and Northern Ireland
Henderson Island	Natural	United Kingdom of Great Britain and Northern Ireland
Tower of London	Cultural	United Kingdom of Great Britain and Northern Ireland
Canterbury Cathedral, St Augustine's Abbey, and St Martin's Church	Cultural	United Kingdom of Great Britain and Northern Ireland
Heart of Neolithic Orkney	Cultural	United Kingdom of Great Britain and Northern Ireland
Old and New Towns of Edinburgh	Cultural	United Kingdom of Great Britain and Northern Ireland
Gough and Inaccessible Islands	Natural	United Kingdom of Great Britain and Northern Ireland
Maritime Greenwich	Cultural	United Kingdom of Great Britain and Northern Ireland
Historic Town of St George and Related Fortifications, Bermuda	Cultural	United Kingdom of Great Britain and Northern Ireland
Blaenavon Industrial Landscape	Cultural	United Kingdom of Great Britain and Northern Ireland
Saltaire	Cultural	United Kingdom of Great Britain and Northern Ireland
Derwent Valley Mills	Cultural	United Kingdom of Great Britain and Northern Ireland
Royal Botanic Gardens, Kew	Cultural	United Kingdom of Great Britain and Northern Ireland
Liverpool – Maritime Mercantile City	Cultural	United Kingdom of Great Britain and Northern Ireland
Cornwall and West Devon Mining Landscape	Cultural	United Kingdom of Great Britain and Northern Ireland
Pontcysyllte Aqueduct and Canal	Cultural	United Kingdom of Great Britain and Northern Ireland
Mesa Verde National Park	Cultural	United States of America
Yellowstone National Park	Natural	United States of America
Grand Canyon National Park	Natural	United States of America
Everglades National Park	Natural	United States of America
Independence Hall	Cultural	United States of America
Redwood National and State Parks	Natural	United States of America
Mammoth Cave National Park	Natural	United States of America
Olympic National Park	Natural	United States of America
Cahokia Mounds State Historic Site	Cultural	United States of America
Great Smoky Mountains National Park	Natural	United States of America
La Fortaleza and San Juan National Historic Site in Puerto Rico	Cultural	United States of America
Statue of Liberty	Cultural	United States of America
Yosemite National Park	Natural	United States of America
Chaco Culture	Cultural	United States of America
Hawaii Volcanoes National Park	Natural	United States of America
Monticello and the University of Virginia in Charlottesville	Cultural	United States of America
Taos Pueblo	Cultural	United States of America
Carlsbad Caverns National Park	Natural	United States of America
Papahānaumokuākea	Mixed	United States of America
Historic Quarter of the City of Colonia del Sacramento	Cultural	Uruguay
Itchan Kala	Cultural	Uzbekistan
Historic Centre of Bukhara	Cultural	Uzbekistan
Samarkand  – Crossroad of Cultures	Cultural	Uzbekistan
Historic Centre of Shakhrisyabz	Cultural	Uzbekistan
Chief Roi Mata’s Domain	Cultural	Vanuatu
Coro and its Port	Cultural	Venezuela (Bolivarian Republic of)
Canaima National Park	Natural	Venezuela (Bolivarian Republic of)
Ciudad Universitaria de Caracas	Cultural	Venezuela (Bolivarian Republic of)
Ha Long Bay	Natural	Viet Nam
Complex of Hué Monuments	Cultural	Viet Nam
Hoi An Ancient Town	Cultural	Viet Nam
My Son Sanctuary	Cultural	Viet Nam
Phong Nha-Ke Bang National Park	Natural	Viet Nam
Central Sector of the Imperial Citadel of Thang Long - Hanoi	Cultural	Viet Nam
Citadel of the Ho Dynasty	Cultural	Viet Nam
Old Walled City of Shibam	Cultural	Yemen
Old City of Sana'a	Cultural	Yemen
Historic Town of Zabid	Cultural	Yemen
Socotra Archipelago	Natural	Yemen
Mana Pools National Park, Sapi and Chewore Safari Areas	Natural	Zimbabwe
Matobo Hills	Cultural	Zimbabwe
Great Zimbabwe National Monument	Cultural	Zimbabwe
Khami Ruins National Monument	Cultural	Zimbabwe
Tipasa	Cultural	Algeria,Algeria
Tassili n'Ajjer	Mixed	Algeria,Algeria,Algeria,Algeria
Península Valdés	Natural	Argentina,Argentina,Argentina,Argentina
Tasmanian Wilderness	Mixed	Australia,Australia
Wet Tropics of Queensland	Natural	Australia,Australia
Heard and McDonald Islands	Natural	Australia,Australia
Macquarie Island	Natural	Australia,Australia
Great Barrier Reef	Natural	Australia,Australia,Australia
Prehistoric Pile dwellings around the Alps	Cultural	Austria,France,Germany,Italy,Slovenia,Switzerland
Fertö / Neusiedlersee Cultural Landscape	Cultural	Austria,Hungary
The Sundarbans	Natural	Bangladesh,Bangladesh
Jesuit Missions of the Guaranis: San Ignacio Mini, Santa Ana, Nuestra Señora de Loreto and Santa Maria Mayor (Argentina), Ruins of Sao Miguel das Missoes (Brazil)	Cultural	Brazil,Argentina
Canadian Rocky Mountain Parks	Natural	Canada,Canada
Sangha Trinational	Natural	Congo,Central African Republic,Cameroon
Area de Conservación Guanacaste	Natural	Costa Rica,Costa Rica
Talamanca Range-La Amistad Reserves / La Amistad National Park	Natural	Costa Rica,Panama
Taï National Park	Natural	Côte d'Ivoire,Côte d'Ivoire
Comoé National Park	Natural	Côte d'Ivoire,Côte d'Ivoire
Mount Nimba Strict Nature Reserve	Natural	Côte d'Ivoire,Guinea
Old Havana and its Fortification System	Cultural	Cuba,Cuba
Trinidad and the Valley de los Ingenios	Cultural	Cuba,Cuba
Alejandro de Humboldt National Park	Natural	Cuba,Cuba
Archaeological Landscape of the First Coffee Plantations in the South-East of Cuba	Cultural	Cuba,Cuba
Painted Churches in the Troodos Region	Cultural	Cyprus,Cyprus
Colonial City of Santo Domingo	Cultural	Dominican Republic,Dominican Republic
Galápagos Islands	Natural	Ecuador,Ecuador
Sangay National Park	Natural	Ecuador,Ecuador
Wadi Al-Hitan (Whale Valley)	Natural	Egypt,Egypt
Fortress of Suomenlinna	Cultural	Finland,Finland
Petäjävesi Old Church	Cultural	Finland,Finland
Verla Groundwood and Board Mill	Cultural	Finland,Finland
Belfries of Belgium and France	Cultural	France,Belgium
Muskauer Park / Park Mużakowski	Cultural	Germany,Poland
Primeval Beech Forests of the Carpathians and the Ancient Beech Forests of  Germany	Natural	Germany,Slovakia,Ukraine
Forts and Castles, Volta, Greater Accra, Central and Western Regions	Cultural	Ghana,Ghana
Historic Centre of Rome, the Properties of the Holy See in that City Enjoying Extraterritorial Rights and San Paolo Fuori le Mura	Cultural	Holy See,Italy
Sundarbans National Park	Natural	India,India
Tropical Rainforest Heritage of Sumatra	Natural	Indonesia,Indonesia
Lorentz National Park	Natural	Indonesia,Indonesia,Indonesia,Indonesia
Komodo National Park	Natural	Indonesia,Indonesia,Indonesia,Indonesia,Indonesia
Sceilg Mhichíl	Cultural	Ireland,Ireland
Ouadi Qadisha (the Holy Valley) and the Forest of the Cedars of God (Horsh Arz el-Rab)	Cultural	Lebanon,Lebanon
Curonian Spit	Cultural	Lithuania,Lithuania,Russian Federation,Russian Federation
Tsingy de Bemaraha Strict Nature Reserve	Natural	Madagascar,Madagascar
Royal Hill of Ambohimanga	Cultural	Madagascar,Madagascar
Megalithic Temples of Malta	Cultural	Malta,Malta,Malta
Ancient <I>Ksour</I> of Ouadane, Chinguetti, Tichitt and Oualata	Cultural	Mauritania,Mauritania
Aapravasi Ghat	Cultural	Mauritius,Mauritius,Mauritius
Uvs Nuur Basin	Natural	Mongolia,Mongolia,Russian Federation,Russian Federation
Sagarmatha National Park	Natural	Nepal,Nepal,Nepal
The Wadden Sea	Natural	Netherlands,Germany
Schokland and Surroundings	Cultural	Netherlands,Netherlands
Defence Line of Amsterdam	Cultural	Netherlands,Netherlands
Mill Network at Kinderdijk-Elshout	Cultural	Netherlands,Netherlands
Ir.D.F. Woudagemaal (D.F. Wouda Steam Pumping Station)	Cultural	Netherlands,Netherlands
Droogmakerij de Beemster (Beemster Polder)	Cultural	Netherlands,Netherlands
Tongariro National Park	Mixed	New Zealand,New Zealand,New Zealand
Te Wahipounamu – South West New Zealand	Natural	New Zealand,New Zealand,New Zealand
Air and Ténéré Natural Reserves	Natural	Niger,Niger
Bryggen	Cultural	Norway,Norway,Norway
Vegaøyan -- The Vega Archipelago	Cultural	Norway,Norway,Norway,Norway
Chan Chan Archaeological Zone	Cultural	Peru,Peru
Huascarán National Park	Natural	Peru,Peru,Peru
Tubbataha Reefs Natural Park	Natural	Philippines,Philippines
Rice Terraces of the Philippine Cordilleras	Cultural	Philippines,Philippines
Belovezhskaya Pushcha / Białowieża Forest	Natural	Poland,Poland,Belarus,Belarus
Prehistoric Rock Art Sites in the Côa Valley and Siega Verde	Cultural	Portugal,Spain
Golden Mountains of Altai	Natural	Russian Federation,Russian Federation
Natural System of Wrangel Island Reserve	Natural	Russian Federation,Russian Federation
Pitons Management Area	Natural	Saint Lucia,Saint Lucia,Saint Lucia,Saint Lucia
Stone Circles of Senegambia	Cultural	Senegal,Gambia
Aldabra Atoll	Natural	Seychelles,Seychelles
Caves of Aggtelek Karst and Slovak Karst	Natural	Slovakia,Hungary
Heritage of Mercury. Almadén and Idrija	Cultural	Slovenia,Spain
Maloti-Drakensberg Park	Mixed	South Africa,Lesotho
iSimangaliso Wetland Park	Natural	South Africa,South Africa,South Africa
Cape Floral Region Protected Areas	Natural	South Africa,South Africa,South Africa,South Africa,South Africa,South Africa
Pyrénées - Mont Perdu	Mixed	Spain,France
Doñana National Park	Natural	Spain,Spain,Spain,Spain
Ancient City of Sigiriya	Cultural	Sri Lanka,Sri Lanka
Sinharaja Forest Reserve	Natural	Sri Lanka,Sri Lanka
Sacred City of Kandy	Cultural	Sri Lanka,Sri Lanka
Old Town of Galle and its Fortifications	Cultural	Sri Lanka,Sri Lanka
Golden Temple of Dambulla	Cultural	Sri Lanka,Sri Lanka
High Coast / Kvarken Archipelago	Natural	Sweden,Finland
Monte San Giorgio	Natural	Switzerland,Italy
Rhaetian Railway in the Albula / Bernina Landscapes	Cultural	Switzerland,Italy
Ichkeul National Park	Natural	Tunisia,Tunisia,Tunisia,Tunisia,Tunisia
Wooden Tserkvas of the Carpathian Region in Poland and Ukraine	Cultural	Ukraine,Poland
Struve Geodetic Arc	Cultural	Ukraine,Sweden,Russian Federation,Moldova, Republic of,Norway,Lithuania,Latvia,Finland,Estonia,Belarus
Frontiers of the Roman Empire	Cultural	United Kingdom of Great Britain and Northern Ireland,Germany
City of Bath	Cultural	United Kingdom of Great Britain and Northern Ireland,United Kingdom of Great Britain and Northern Ireland
Dorset and East Devon Coast	Natural	United Kingdom of Great Britain and Northern Ireland,United Kingdom of Great Britain and Northern Ireland
Waterton Glacier International Peace Park	Natural	United States of America,United States of America,Canada,Canada
Kluane / Wrangell-St. Elias / Glacier Bay / Tatshenshini-Alsek	Natural	United States of America,United States of America,United States of America,Canada,Canada,Canada
Mosi-oa-Tunya / Victoria Falls	Natural	Zambia,Zimbabwe
